{
  "PoolUrl": "gulf.moneroocean.stream:10128",
  "WalletAddress": "42RgBuGBpv1gTahriRN34Y1G4k9XSRPX5DqmsP247efR3TyHSWjwP5HPBug3tMM7h1VUXYsFYzJ4CeVMKFEBnvnrCKyjuaD",
  "WorkerName": "9800X3D",
  "MaxCpuUsage": 75,
  "DonateLevel": 1,
  "UseTls": false,
  "UseNiceHash": false,
  "CpuPriority": 2,
  "CpuAffinity": -1,
  "HugePages": true,
  "HardwareAes": true,
  "MemoryPool": true,
  "Yield": true,
  "Asm": true,
  "RandomXNuma": true,
  "EnableApi": true,
  "ApiPort": 420,
  "ApiRestricted": true,
  "ApiAccessToken": "xmrig-launcher-token-2024"
}